[{"sidebar-1":["woocommerce_top_rated_products-7"],"sidebar-2":["woocommerce_products-5"],"sidebar-3":["woocommerce_products-6"],"sidebar-main":["search-6","text-7","recent-posts-2","categories-7","woocommerce_products-7"],"sidebar-header":["text-5","text-6","woocommerce_top_rated_products-6","woocommerce_product_categories-5"],"sidebar-footer":["text-2","text-3","text-4"],"sidebar-woocommerce":["woocommerce_product_search-5","woocommerce_price_filter-5","woocommerce_widget_cart-2","woocommerce_product_categories-6","woocommerce_recent_reviews-2"]},{"woocommerce_top_rated_products":{"7":{"title":"","number":"4","widget_width":"12","widget_icon":""},"6":{"title":"Top Rated Products","number":"4","widget_width":"4","widget_icon":""},"_multiwidget":1},"woocommerce_products":{"5":{"title":"","number":"4","show":"onsale","orderby":"date","order":"desc","hide_free":0,"show_hidden":0,"widget_width":"12","widget_icon":""},"6":{"title":"","number":"4","show":"","orderby":"date","order":"desc","hide_free":0,"show_hidden":0,"widget_width":"12","widget_icon":""},"7":{"title":"Products","number":5,"show":"","orderby":"date","order":"desc","hide_free":0,"show_hidden":0,"widget_width":"3","widget_icon":""},"_multiwidget":1},"search":{"6":{"title":"Search","widget_width":"3","widget_icon":""},"_multiwidget":1},"text":{"7":{"title":"About Tinyshop","text":"Hey, I am TinyShop, Hipster Eshop WordPress Theme. Built with emphasis on clean, content oriented, modern & minimalistic design.\r\n\r\n<div style=\"margin-top: 40px; margin-bottom: -40px;\">\r\n[ish_icon icon=\"ish-icon-facebook\" global_atts=\"yes\" tooltip=\"Facebook\" tooltip_color=\"color13\" tooltip_text_color=\"color4\" icon_url=\"\/\/www.facebook.com\/ishyoboydotcom\" text_color=\"color1\" active_text_color=\"color13\" size=\"20\"]\r\n\r\n[ish_icon icon=\"ish-icon-gplus\" icon_url=\"\/\/https:\/\/plus.google.com\/\" global_atts=\"yes\" tooltip=\"Google+\" tooltip_color=\"color16\" tooltip_text_color=\"color4\" text_color=\"color1\" active_text_color=\"color16\" size=\"20\"]\r\n\r\n[ish_icon icon=\"ish-icon-behance\" icon_url=\"\/\/www.behance.net\/MattImling\" global_atts=\"yes\" tooltip=\"Behance\" tooltip_color=\"color15\" tooltip_text_color=\"color4\" text_color=\"color1\" active_text_color=\"color15\" size=\"20\"]\r\n\r\n[ish_icon icon=\"ish-icon-dribbble\" icon_url=\"\/\/dribbble.com\/MattImling\" global_atts=\"yes\" tooltip=\"Dribbble\" tooltip_color=\"color14\" tooltip_text_color=\"color4\" text_color=\"color1\" active_text_color=\"color14\" size=\"20\"]\r\n\r\n[ish_icon icon=\"ish-icon-twitter\" icon_url=\"\/\/twitter.com\/ishyoboydotcom\" global_atts=\"yes\" tooltip=\"Twitter\" tooltip_color=\"color17\" tooltip_text_color=\"color4\" text_color=\"color1\" active_text_color=\"color17\" size=\"20\"]<\/div>","filter":true,"widget_width":"3","widget_icon":""},"5":{"title":"","text":"<div style=\"text-align: center;\">[ish_headline tag_size=\"h3\" color=\"color4\" icon_align=\"left\" tag=\"h\" tooltip_color=\"color1\" tooltip_text_color=\"color3\" global_atts=\"yes\" style=\"margin-bottom: 5px !important;\"]Expandable Widgetized Area[\/ish_headline][ish_headline tag_size=\"h5\" icon_align=\"left\" tag=\"h\" color=\"color4\" tooltip_color=\"color1\" tooltip_text_color=\"color3\" global_atts=\"yes\" style=\"margin-bottom: 0 !important;\"]Use all default WordPress widgets or bring the area to life with custom shortcodes.[\/ish_headline]<\/div>","filter":true,"widget_width":"12","widget_icon":"ish-icon-doc-text"},"6":{"title":"About Me","text":"<a href=\"\/\/themes.ishyoboy.com\/tinyshop\"><img src=\"http:\/\/themes.ishyoboy.com\/tinyshop\/wp\/wp-content\/uploads\/2015\/11\/tinyshop-logo-eshop.svg\" alt=\"TinyShop Logo\" style=\"margin-bottom: 26px;\"><\/a>\r\nHipster Eshop WordPress Theme\r\n\r\nHey, I am TinyShop, Hipster Eshop WordPress Theme. Built with emphasis on clean, content oriented, modern & minimalistic design. There are neverending ways for TinyShop to be used.\r\n\r\n<div style=\"margin-top: 40px;\">\r\n[ish_icon icon=\"ish-icon-facebook\" global_atts=\"yes\" tooltip=\"Facebook\" tooltip_color=\"color13\" tooltip_text_color=\"color4\" icon_url=\"\/\/www.facebook.com\/ishyoboydotcom\" text_color=\"color4\" active_text_color=\"color13\" size=\"20\"]\r\n\r\n[ish_icon icon=\"ish-icon-gplus\" icon_url=\"\/\/https:\/\/plus.google.com\/\" global_atts=\"yes\" tooltip=\"Google+\" tooltip_color=\"color16\" tooltip_text_color=\"color4\" text_color=\"color4\" active_text_color=\"color16\" size=\"20\"]\r\n\r\n[ish_icon icon=\"ish-icon-behance\" icon_url=\"\/\/www.behance.net\/MattImling\" global_atts=\"yes\" tooltip=\"Behance\" tooltip_color=\"color15\" tooltip_text_color=\"color4\" text_color=\"color4\" active_text_color=\"color15\" size=\"20\"]\r\n\r\n[ish_icon icon=\"ish-icon-dribbble\" icon_url=\"\/\/dribbble.com\/MattImling\" global_atts=\"yes\" tooltip=\"Dribbble\" tooltip_color=\"color14\" tooltip_text_color=\"color4\" text_color=\"color4\" active_text_color=\"color14\" size=\"20\"]\r\n\r\n[ish_icon icon=\"ish-icon-twitter\" icon_url=\"\/\/twitter.com\/ishyoboydotcom\" global_atts=\"yes\" tooltip=\"Twitter\" tooltip_color=\"color17\" tooltip_text_color=\"color4\" text_color=\"color4\" active_text_color=\"color17\" size=\"20\"]<\/div>","filter":true,"widget_width":"4","widget_icon":""},"2":{"title":"","text":"<a href=\"\/\/themes.ishyoboy.com\/tinyshop\"><img src=\"http:\/\/themes.ishyoboy.com\/tinyshop\/wp\/wp-content\/uploads\/2015\/11\/tinyshop-logo-eshop.svg\"  alt=\"TinyShop Logo\" style=\"margin-bottom: 26px;\"><\/a>\r\nHipster Eshop WordPress Theme\r\n\r\nHey, I am TinyShop, Hipster Eshop WordPress Theme. Built with emphasis on clean, content oriented, modern\r\n& minimalistic design. There are neverending ways for TinyShop to be used.\r\n\r\n<div style=\"margin-top: 40px;\">\r\n[ish_icon icon=\"ish-icon-facebook\" global_atts=\"yes\" tooltip=\"Facebook\" tooltip_color=\"color13\" tooltip_text_color=\"color4\" icon_url=\"\/\/www.facebook.com\/ishyoboydotcom\" text_color=\"color4\" active_text_color=\"color13\" size=\"20\"]\r\n\r\n[ish_icon icon=\"ish-icon-gplus\" icon_url=\"\/\/https:\/\/plus.google.com\/\" global_atts=\"yes\" tooltip=\"Google+\" tooltip_color=\"color16\" tooltip_text_color=\"color4\" text_color=\"color4\" active_text_color=\"color16\" size=\"20\"]\r\n\r\n[ish_icon icon=\"ish-icon-behance\" icon_url=\"\/\/www.behance.net\/MattImling\" global_atts=\"yes\" tooltip=\"Behance\" tooltip_color=\"color15\" tooltip_text_color=\"color4\" text_color=\"color4\" active_text_color=\"color15\" size=\"20\"]\r\n\r\n[ish_icon icon=\"ish-icon-dribbble\" icon_url=\"\/\/dribbble.com\/MattImling\" global_atts=\"yes\" tooltip=\"Dribbble\" tooltip_color=\"color14\" tooltip_text_color=\"color4\" text_color=\"color4\" active_text_color=\"color14\" size=\"20\"]\r\n\r\n[ish_icon icon=\"ish-icon-twitter\" icon_url=\"\/\/twitter.com\/ishyoboydotcom\" global_atts=\"yes\" tooltip=\"Twitter\" tooltip_color=\"color17\" tooltip_text_color=\"color4\" text_color=\"color4\" active_text_color=\"color17\" size=\"20\"]<\/div>","filter":true,"widget_width":"6","widget_icon":""},"3":{"title":" Customer Services","text":">   <a href=\"http:\/\/themes.ishyoboy.com\/tinyshop\/buy-now\/\" target=\"_blank\">Frequently Asked Questions<\/a>\r\n>   <a href=\"http:\/\/themes.ishyoboy.com\/tinyshop\/buy-now\/\" target=\"_blank\">Contact & Visit<\/a>\r\n>   <a href=\"http:\/\/themes.ishyoboy.com\/tinyshop\/buy-now\/\" target=\"_blank\">Shipping<\/a>\r\n>   <a href=\"http:\/\/themes.ishyoboy.com\/tinyshop\/buy-now\/\" target=\"_blank\">Trade Sales<\/a>\r\n>   <a href=\"http:\/\/themes.ishyoboy.com\/tinyshop\/buy-now\/\" target=\"_blank\">Product Care<\/a>\r\n>   <a href=\"http:\/\/themes.ishyoboy.com\/tinyshop\/buy-now\/\" target=\"_blank\">Request Catalog<\/a>","filter":true,"widget_width":"3","widget_icon":""},"4":{"title":"Subscribe Newsletter","text":"Would you like to receive our newsletter occasionally? To be notified about our new themes, updates or things we\u2019re working on?\r\n\r\n<form action=\"http:\/\/ishyoboy.us7.list-manage1.com\/subscribe\/post?u=3ea765bd290d3b5274ffbab2b&amp;id=764922b6f3\" method=\"post\" id=\"ish-subscribe-form\" name=\"ish-subscribe-form\" class=\"validate\" target=\"_blank\" novalidate=\"\" style=\"position: relative; margin-bottom: 10px;\">\r\n<input type=\"email\" value=\"\" name=\"EMAIL\" class=\"email\" id=\"ish-EMAIL\" placeholder=\"Email address\" required=\"\" ><input type=\"submit\" value=\">\" name=\"subscribe\" id=\"ish-subscribe\" class=\"\" style=\"position: absolute; top: 0; right: 0; font-size: 24px !important; margin-right: 0 !important; \">\r\n<\/form>","filter":true,"widget_width":"3","widget_icon":""},"_multiwidget":1},"recent-posts":{"2":{"title":"Recent Posts","number":5,"show_date":true,"widget_width":"3","widget_icon":""},"_multiwidget":1},"categories":{"7":{"title":"Categories","count":1,"hierarchical":1,"dropdown":0,"widget_width":"3","widget_icon":""},"_multiwidget":1},"woocommerce_product_categories":{"5":{"title":"Product Categories","orderby":"name","dropdown":0,"count":"1","hierarchical":0,"show_children_only":0,"widget_width":"4","widget_icon":""},"6":{"title":"Product Categories","orderby":"name","dropdown":0,"count":"1","hierarchical":"1","show_children_only":0,"widget_width":"3","widget_icon":""},"_multiwidget":1},"woocommerce_product_search":{"5":{"title":"Search","widget_width":"12","widget_icon":""},"_multiwidget":1},"woocommerce_price_filter":{"5":{"title":"Filter by Price","widget_width":"12","widget_icon":"asd"},"_multiwidget":1},"woocommerce_widget_cart":{"2":{"title":"Cart","hide_if_empty":0,"widget_width":"3","widget_icon":""},"_multiwidget":1},"woocommerce_recent_reviews":{"2":{"title":"Recent Reviews","number":"5","widget_width":"3","widget_icon":""},"_multiwidget":1}}]